{
  "kind": "collectionType",
  "collectionName": "blogs",
  "info": {
    "singularName": "blog",
    "pluralName": "blogs",
    "displayName": "Blog",
    "description": ""
  },
  "options": {
    "draftAndPublish": true
  },
  "pluginOptions": {},
  "attributes": {
    "Title": {
      "type": "string",
      "required": true,
      "unique": true
    },
    "Description": {
      "type": "richtext"
    },
    "img": {
      "allowedTypes": [
        "images"
      ],
      "type": "media",
      "multiple": false
    },
    "categories": {
      "type": "relation",
      "relation": "manyToMany",
      "target": "api::category.category",
      "mappedBy": "blogs"
    }
  }
}
