{
  "kind": "singleType",
  "collectionName": "global_items",
  "info": {
    "singularName": "global-item",
    "pluralName": "global-items",
    "displayName": "globalItem",
    "description": ""
  },
  "options": {
    "draftAndPublish": true
  },
  "pluginOptions": {},
  "attributes": {
    "title": {
      "type": "string",
      "required": true,
      "default": "Datalogs-Pipeline-Observer",
      "unique": true
    },
    "logo": {
      "type": "media",
      "multiple": false,
      "required": true,
      "allowedTypes": [
        "images"
      ]
    },
    "heroImage": {
      "type": "media",
      "multiple": false,
      "required": true,
      "allowedTypes": [
        "images"
      ]
    },
    "loginAnimation": {
      "allowedTypes": [
        "videos"
      ],
      "type": "media",
      "multiple": false,
      "required": true
    }
  }
}
